x,y,z
85.28,17.61,56.19
58.00,61.45,35.25
69.57,88.05,19.26
94.82,34.49,38.75
87.35,46.24,18.01
30.45,29.29,66.49
69.00,73.56,99.83
46.97,3.90,70.24
47.94,4.73,44.38
58.21,57.50,50.33
52.88,48.35,73.08
79.09,40.41,37.98
65.22,43.98,52.66
52.43,60.74,6.60
58.88,41.72,27.67
56.67,28.06,38.61
79.88,31.45,62.73
45.90,67.77,34.65
56.26,39.51,62.37
32.92,22.29,53.66
-1.06,52.04,87.19
63.07,60.10,28.49
67.29,76.58,9.62
35.16,54.36,1.25
95.40,36.81,47.03
20.91,59.48,73.02
50.92,64.54,53.71
46.26,49.22,63.17
80.66,49.11,49.01
79.39,55.20,54.75
53.10,48.60,19.77
57.56,55.00,88.65
32.24,29.56,59.65
10.38,26.99,23.68
43.04,33.28,10.73
53.13,62.84,60.66
74.61,55.18,47.81
74.05,70.80,44.34
42.25,46.27,78.67
43.95,27.13,38.63
29.03,72.89,33.00
21.60,49.62,64.49
15.87,75.67,62.12
89.02,61.96,24.19
39.81,93.77,65.79
41.24,45.60,89.22
24.94,68.01,43.29
65.55,67.83,37.85
17.72,38.90,35.46
45.75,46.55,67.03
32.09,20.77,67.77
57.74,19.02,27.77
39.78,52.53,72.76
26.39,65.86,75.51
49.44,62.76,55.89
58.57,56.80,6.29
51.33,67.26,65.85
56.05,38.21,17.50
37.31,44.55,64.80
42.75,64.75,70.29
36.55,58.66,69.16
42.81,45.80,-2.31
33.74,76.42,35.44
15.47,24.16,64.85
53.55,39.63,48.36
41.96,44.33,19.50
17.40,66.33,41.24
59.26,50.05,49.89
31.85,24.77,15.76
51.04,60.28,84.11
64.58,71.75,66.22
52.58,64.79,52.99
72.79,62.38,35.29
25.30,12.51,43.74
58.05,32.00,36.93
36.30,59.64,30.18
32.58,48.90,52.98
38.42,60.45,72.07
43.77,24.67,46.20
51.12,48.77,41.75
26.70,22.20,53.57
68.02,10.93,65.63
59.31,55.92,39.51
19.28,66.85,22.38
79.77,54.91,68.91
87.92,49.34,22.77
73.58,18.76,60.70
46.40,70.12,48.08
28.58,49.12,32.07
71.09,89.19,77.74
41.94,68.85,69.95
74.45,9.90,61.53
54.17,65.10,58.80
69.53,22.07,59.51
57.13,34.81,30.33
64.13,44.98,38.76
50.21,48.12,17.18
85.72,57.95,55.85
52.54,29.54,78.66
58.04,26.99,42.33
87.66,62.01,54.75
23.04,49.73,39.34
24.59,53.49,40.58
69.39,6.13,43.20
26.54,46.46,20.74
88.87,32.19,72.77
41.73,31.59,49.90
35.05,68.44,69.43
88.46,28.09,56.05
79.61,28.14,33.88
87.35,43.38,43.66
68.12,59.01,18.26
32.78,32.32,65.77
88.20,74.68,52.74
44.64,79.00,34.30
66.05,32.37,19.87
68.95,45.10,38.47
46.90,34.43,27.85
62.28,16.29,52.71
68.44,56.06,28.94
57.53,64.67,91.05
28.01,90.24,69.71
55.96,32.05,42.54
76.53,76.72,20.28
36.11,76.85,47.77
47.01,53.96,10.81
41.30,62.04,71.21
86.99,67.47,65.83
63.45,89.48,78.97
58.15,59.56,38.87
34.60,48.80,66.11
60.78,32.68,77.68
36.51,56.11,41.29
50.64,70.48,35.32
37.28,54.89,76.96
63.53,34.40,52.91
61.53,51.78,58.51
45.83,47.42,48.24
57.92,55.29,25.03
28.14,16.76,72.09
20.17,61.02,9.41
58.79,61.91,69.96
53.33,58.90,44.42
62.70,49.92,46.25
97.66,13.88,39.35
68.89,49.61,60.54
31.74,71.21,58.17
72.34,32.80,82.23
23.68,10.21,46.32
40.77,19.19,46.36
48.64,56.28,42.92
84.27,57.46,52.08
35.10,67.73,41.02
33.47,48.89,73.11
48.03,19.99,77.41
36.73,33.63,11.55
72.53,66.38,24.22
28.40,52.81,29.62
27.05,63.00,63.23
41.24,58.70,32.16
40.04,45.90,61.04
88.59,46.52,77.43
68.99,87.14,65.42
51.75,58.29,29.10
25.49,47.43,26.00
66.89,59.11,-3.36
30.00,54.46,59.80
19.10,6.85,24.90
73.76,63.00,50.85
56.34,86.42,54.62
68.42,34.39,23.80
56.37,79.08,68.87
67.14,44.86,29.28
36.98,55.87,38.12
29.32,71.41,26.35
63.63,35.60,50.98
33.93,74.85,36.71
36.21,25.72,95.40
40.89,32.50,37.13
50.35,38.13,53.73
42.92,63.24,44.39
22.50,43.18,67.73
37.13,19.60,50.08
5.53,45.67,20.76
62.50,34.32,53.98
17.96,64.63,58.80
27.91,43.14,24.42
51.04,51.42,29.14
35.21,41.89,36.89
80.86,58.68,55.14
24.14,46.33,42.86
55.34,56.50,4.96
49.21,-1.87,34.79
26.64,51.95,72.70
60.47,58.28,62.65
46.57,46.01,63.08
65.44,63.39,48.88
66.47,64.77,93.46
93.26,76.08,48.63
76.73,52.10,45.37
42.62,11.72,40.55
45.21,4.29,42.03
71.99,17.96,65.65
63.11,49.24,8.32
62.80,46.85,26.30
17.66,55.52,78.02
49.51,37.50,34.48
35.24,35.27,27.45
55.60,61.10,46.66
48.04,63.12,35.03
68.20,44.87,55.86
56.34,49.23,26.07
65.73,58.09,79.98
40.67,60.09,23.78
31.11,27.12,48.32
41.80,35.61,51.12
49.66,25.39,54.93
57.58,39.86,48.79
95.19,66.25,49.88
49.15,60.93,48.60
30.88,28.04,76.11
43.08,60.25,47.49
40.73,51.72,69.27
59.63,40.12,35.35
19.18,21.87,49.95
51.27,46.50,47.40
53.13,63.60,70.01
54.64,6.74,38.27
38.05,42.08,36.17
45.24,95.09,46.88
21.52,63.45,49.58
40.13,55.20,7.95
39.14,35.26,32.83
58.32,36.43,72.20
26.88,48.33,44.91
65.62,82.06,45.17
79.89,59.31,61.40
8.60,32.56,60.81
58.53,73.54,84.79
63.54,44.15,62.62
37.25,83.95,41.19
42.05,38.67,51.10
47.34,29.93,65.48
44.04,53.49,69.23
43.82,69.65,31.95
16.48,70.75,63.40
73.05,53.18,85.34
71.59,30.24,46.53
33.73,39.89,50.23
20.67,9.63,31.49
60.42,31.74,28.76
38.48,46.43,50.23
52.84,57.78,65.76
43.61,43.21,44.03
63.83,48.86,72.11
63.89,42.08,68.16
35.49,65.02,42.68
22.33,32.02,64.60
18.34,66.75,47.41
62.21,89.22,51.86
26.22,59.46,71.48
39.86,39.46,98.77
38.07,39.27,22.08
48.95,74.20,43.39
11.27,27.47,73.21
53.78,30.92,45.12
60.48,26.71,41.41
51.77,24.43,83.35
43.78,29.10,48.78
51.95,65.80,65.75
57.98,72.05,43.81
-5.45,36.06,18.83
89.12,54.15,39.78
57.80,65.18,63.68
36.95,52.01,53.86
42.18,30.90,34.04
59.87,20.59,91.28
47.68,70.21,52.36
9.39,59.92,30.09
91.29,61.54,75.99
47.79,27.85,68.33
70.40,54.70,38.80
36.16,62.58,63.08
80.73,56.28,65.81
55.73,35.10,59.25
62.18,70.25,52.60
29.09,19.45,14.64
74.22,68.57,43.53
63.80,71.62,48.94
76.04,81.45,38.33
37.44,43.15,42.88
40.38,30.01,64.03
96.08,65.88,40.03
28.80,36.02,16.08
47.28,50.88,37.48
72.74,43.65,39.29
51.95,31.96,46.76
61.66,56.42,25.46
42.01,22.16,43.79
57.40,61.84,32.46
23.87,30.66,65.59
83.16,15.37,46.13
47.64,49.00,60.95
36.40,58.63,55.54
63.33,61.54,24.31
40.79,66.37,49.15
23.31,2.93,83.40
23.07,29.90,17.78
63.88,52.13,68.96
46.81,80.38,51.97
47.33,65.67,19.79
71.55,88.03,61.47
27.46,39.50,70.07
35.39,55.49,48.78
42.30,28.00,56.14
51.89,41.91,86.45
49.16,35.29,37.89
44.26,37.32,86.56
48.77,42.13,82.84
47.85,50.05,23.49
35.61,50.44,52.47
33.74,60.87,51.34
55.49,52.80,75.87
32.18,43.12,73.38
26.85,39.55,80.20
43.75,43.86,17.61
46.85,41.02,77.54
95.13,59.82,61.36
35.91,67.31,13.23
68.87,75.48,76.26
64.94,34.05,27.86
26.22,59.39,65.46
65.47,22.11,38.28
26.32,57.46,45.88
-3.18,71.65,58.87
62.13,47.01,45.81
14.88,71.45,20.96
59.02,27.23,56.12
36.32,32.23,26.95
83.19,47.28,60.89
71.37,70.44,24.95
40.93,41.65,52.79
36.24,40.93,57.28
25.72,30.17,90.27
41.18,54.06,11.25
44.39,74.93,56.32
42.71,64.01,24.79
53.13,63.93,59.57
61.57,45.86,47.76
56.99,38.73,65.38
34.72,63.54,78.32
21.24,49.36,43.25
77.29,46.53,49.73
36.21,67.96,68.08
36.95,46.04,39.42
39.58,33.24,58.06
13.14,68.18,66.78
40.44,51.61,28.48
40.41,29.26,19.50
62.41,27.74,53.51
63.97,51.91,67.53
50.08,96.75,19.90
68.64,42.14,59.82
56.80,43.27,42.69
49.69,80.48,46.57
53.22,48.85,70.63
46.19,21.03,52.81
42.10,18.54,32.90
44.65,74.53,49.75
27.44,63.33,45.33
55.61,66.52,44.38
30.14,48.84,73.59
66.83,35.47,36.91
45.01,45.66,34.14
50.99,52.72,55.01
59.88,33.23,62.78
62.87,61.23,47.32
18.59,24.81,25.37
45.86,43.34,52.17
67.60,45.92,98.49
16.04,36.18,61.33
57.75,5.89,16.76
4.89,58.96,30.97
29.55,34.88,51.87
50.77,76.51,60.84
16.87,43.16,36.09
30.29,39.17,93.28
20.56,51.83,60.76
82.96,71.07,56.65
53.28,38.73,75.14
61.35,70.29,54.91
45.55,78.81,10.69
42.93,69.81,42.12
17.67,82.53,37.21
44.16,75.85,43.25
34.77,80.30,52.28
67.16,82.09,63.85
72.82,54.16,34.52
79.33,41.42,34.70
67.05,4.76,48.45
38.03,23.55,61.51
27.68,41.03,61.02
65.33,42.37,62.01
57.13,46.94,72.19
14.63,29.98,42.78
57.11,18.08,72.40
66.29,47.40,56.69
51.18,46.21,53.16
46.30,33.85,86.03
33.85,35.16,43.63
21.07,31.20,34.67
66.01,42.07,79.30
43.82,32.87,49.10
45.33,75.20,72.11
84.65,54.82,57.97
63.69,30.55,14.95
57.42,44.39,55.62
52.84,26.39,62.49
80.40,70.24,48.55
84.39,77.68,62.47
68.59,75.04,73.84
61.64,27.11,79.43
8.11,48.17,65.84
52.47,41.97,33.10
47.40,61.24,52.48
51.88,29.84,35.72
68.86,36.48,40.79
-4.79,41.74,40.49
38.61,53.07,48.93
55.40,63.88,54.44
40.66,43.43,91.68
21.66,63.28,54.95
67.38,66.44,85.65
55.54,45.74,49.73
30.58,25.09,65.36
56.30,26.58,42.89
66.43,61.83,50.72
50.11,40.48,35.67
66.01,15.75,63.85
51.57,62.26,34.42
42.10,52.59,44.05
26.81,21.88,54.41
48.28,73.59,58.70
53.89,66.73,60.50
67.52,52.77,40.52
47.70,24.51,22.81
59.15,21.95,4.80
30.71,43.86,32.13
34.35,15.72,36.87
47.79,58.10,36.14
28.91,21.78,33.17
66.40,53.30,59.21
59.26,44.24,44.50
55.58,64.24,47.26
56.78,31.24,34.27
90.42,55.47,82.64
40.62,22.10,44.48
5.97,65.91,2.98
53.99,47.70,34.46
48.99,59.92,23.43
39.65,23.59,21.98
30.42,59.98,59.25
41.22,56.12,97.63
53.63,57.27,25.82
39.94,56.25,41.62
98.25,46.13,34.29
30.79,74.83,6.71
34.14,46.88,72.89
4.23,35.22,30.99
55.03,48.83,65.28
9.67,30.99,76.39
39.21,40.72,47.59
44.49,46.46,28.91
35.81,42.41,-5.18
84.78,53.99,63.20
69.89,88.92,92.87
76.38,61.42,40.98
32.35,71.45,59.30
72.57,39.93,42.25
59.92,38.26,37.87
65.43,42.44,80.73
70.59,67.06,53.42
31.82,7.04,50.27
41.51,29.34,52.57
67.25,52.05,52.48
-3.11,45.52,17.75
80.27,89.35,46.60
61.06,58.95,84.38
49.09,36.76,65.91
54.41,18.45,38.76
29.40,43.19,53.88
43.00,23.94,75.21
72.01,59.34,56.65
75.96,53.22,99.92
103.92,56.40,56.70
48.52,91.58,54.88
36.83,31.85,28.37
39.72,46.15,16.58
29.64,25.75,70.59
48.44,48.39,42.09
57.65,81.87,34.70
49.32,61.37,61.28
71.93,47.71,37.72
45.32,55.03,64.11
43.05,25.78,54.82
38.37,42.13,37.49
17.35,51.71,55.15
18.64,51.99,20.47
26.42,19.39,58.79
76.03,56.55,39.73
67.91,55.58,49.26
77.50,42.46,74.68
23.36,50.08,50.62
10.63,20.33,36.91
36.80,20.40,69.73
53.52,52.69,49.09
59.97,36.65,74.07
70.96,49.77,35.08
55.69,66.79,44.04
84.85,46.52,30.36
45.55,-6.21,23.56
31.74,46.99,53.27
16.38,40.38,37.50
32.22,45.31,35.17
54.84,67.99,52.72
32.23,18.43,28.81
68.73,54.88,48.38
78.25,81.41,39.51
2.61,37.48,86.77
67.28,59.45,33.28
5.21,69.33,22.82
58.03,54.20,38.93
74.50,36.30,53.09
51.30,35.81,32.44
24.41,64.88,38.91
38.29,61.84,24.48
44.77,34.27,33.05
46.36,26.47,56.79
45.94,24.38,67.74
47.80,83.23,57.94
54.27,48.64,69.26
25.83,97.20,48.41
45.16,61.11,62.90
80.37,58.79,58.09
42.31,56.13,49.57
41.12,69.98,1.24
71.56,30.68,46.69
-1.18,93.20,68.45
73.63,47.99,33.89
37.36,35.93,86.35
53.28,56.05,66.53
51.93,71.85,80.37
68.85,29.85,85.27
44.65,61.34,7.99
36.44,35.67,69.15
75.96,39.87,54.96
2.72,40.21,73.65
50.41,65.27,69.57
23.04,27.82,38.54
34.77,53.85,30.31
90.23,43.13,30.12
49.11,33.06,53.39
53.90,25.73,31.37
14.37,25.94,30.91
35.42,17.32,37.75
53.93,67.92,56.53
57.10,45.17,33.97
62.34,53.17,70.97
50.17,73.56,34.37
60.54,25.60,77.35
59.08,31.17,29.57
13.41,55.09,45.98
50.74,13.52,52.05
65.36,38.43,30.73
61.80,31.50,35.31
42.72,56.59,54.94
33.89,41.48,40.68
27.63,90.16,38.65
47.38,68.76,41.66
72.66,32.94,53.66
10.96,42.25,33.21
36.80,43.05,83.27
27.20,116.13,12.33
65.70,19.80,50.78
38.91,54.07,47.02
40.59,8.31,42.88
45.66,49.86,21.97
58.91,88.20,62.40
42.15,41.83,16.57
-10.92,72.09,60.44
60.87,48.68,47.95
58.78,41.55,39.22
45.61,44.97,24.43
28.32,38.26,35.57
57.04,37.48,2.97
57.58,23.40,62.34
40.60,80.14,52.76
45.67,42.14,60.25
31.40,55.88,25.98
46.43,32.47,38.07
18.99,72.34,61.90
58.35,44.53,54.68
31.11,48.18,72.01
54.76,13.42,58.49
21.88,57.92,56.74
38.20,86.23,52.78
47.79,32.62,78.12
16.79,40.84,40.43
52.30,27.23,37.10
42.42,52.58,50.26
15.15,51.28,49.25
23.94,64.10,45.13
62.10,61.03,67.59
67.91,33.75,57.75
47.36,54.50,39.91
58.10,43.43,93.15
54.48,28.18,38.61
56.59,47.46,61.78
75.72,126.03,32.96
19.86,96.30,39.19
63.53,52.80,42.97
42.36,84.78,87.18
45.51,49.09,52.14
43.96,48.94,53.76
42.50,11.01,21.22
25.48,30.80,54.56
53.67,34.33,29.40
83.42,52.15,36.48
48.88,50.28,58.88
49.97,38.42,40.58
36.25,38.22,80.27
47.65,46.68,75.84
59.32,22.37,53.70
42.60,37.75,51.45
40.92,42.37,46.38
58.07,25.02,56.48
31.64,43.40,59.40
55.05,33.30,44.91
66.41,74.71,26.72
77.20,45.12,55.13
48.19,46.21,53.54
77.35,58.56,36.52
70.69,61.14,48.91
30.08,15.28,33.66
25.64,42.46,62.05
43.90,31.82,53.14
70.58,47.10,53.70
48.55,39.27,64.49
37.99,53.14,93.83
81.04,30.39,50.79
55.74,38.64,61.77
3.59,38.18,71.72
56.34,71.65,48.13
60.40,57.36,67.95
54.51,57.38,75.09
58.99,44.27,50.25
48.65,42.31,106.84
23.63,61.22,15.05
42.59,65.55,34.55
31.09,50.30,26.70
31.35,72.83,72.98
24.74,75.48,55.57
59.05,16.71,35.02
51.96,58.61,65.98
41.04,49.15,44.17
37.01,57.77,102.60
49.53,72.32,39.92
71.58,31.59,71.78
9.92,17.59,29.86
57.54,72.12,60.78
39.09,30.03,41.00
12.31,36.28,23.99
11.09,54.09,9.00
31.74,36.28,44.30
54.39,18.16,69.64
57.86,50.68,50.78
31.22,34.37,21.68
70.34,61.96,78.21
78.46,39.88,58.50
57.92,36.23,65.64
38.17,45.80,58.94
72.49,71.04,100.74
65.11,68.16,53.61
67.35,28.14,33.99
36.87,105.99,71.60
-6.69,43.48,6.34
92.34,26.95,55.77
17.78,67.76,42.43
49.28,42.77,75.66
97.61,93.07,50.93
56.61,66.95,34.90
68.98,46.03,52.78
19.95,81.51,23.84
14.45,66.98,86.95
39.35,25.42,45.40
71.81,67.77,63.78
43.08,39.67,37.42
34.11,48.33,58.79
53.96,52.62,48.33
71.64,32.42,88.53
21.10,23.33,20.57
25.79,57.36,41.73
34.23,22.24,39.82
71.89,-1.50,25.38
54.70,33.28,47.43
92.64,56.62,67.07
68.73,44.60,35.44
49.30,75.34,49.75
75.30,53.68,59.09
54.23,34.67,61.00
35.90,41.21,39.64
63.60,21.27,1.75
36.07,71.72,41.06
44.19,22.38,91.39
76.56,31.59,31.21
47.97,46.79,28.96
33.94,50.05,54.07
40.71,19.95,50.14
70.44,31.89,36.26
38.95,55.30,49.69
42.26,72.59,46.71
39.79,56.98,57.45
53.68,49.48,58.84
42.29,18.75,28.34
17.96,37.65,63.91
32.26,60.43,45.60
31.34,71.62,37.23
74.87,67.79,70.90
66.25,52.76,49.45
61.75,74.09,42.80
39.89,107.63,44.74
33.68,38.12,60.58
39.85,34.74,53.66
28.96,80.37,63.54
99.94,54.71,13.47
5.09,52.25,72.61
61.28,57.85,48.32
24.31,36.91,61.09
47.91,29.30,77.95
30.24,34.46,77.40
26.45,74.92,22.54
27.20,21.27,70.30
85.10,59.97,55.29
47.34,38.85,70.63
34.69,42.93,18.43
61.12,64.86,30.18
50.21,66.88,55.13
64.40,56.86,32.01
13.51,12.54,42.26
56.07,81.42,78.20
65.45,76.20,94.60
16.77,51.83,46.21
58.96,50.21,69.05
83.92,86.03,53.40
49.70,68.94,68.80
66.43,49.41,60.64
63.41,44.15,25.22
35.85,46.13,75.79
50.80,73.54,32.84
18.66,70.80,23.98
40.97,17.73,73.96
55.31,59.29,43.27
64.46,67.28,66.84
50.49,19.87,60.87
64.40,49.94,30.74
27.94,14.46,17.98
47.97,52.59,85.15
50.39,8.34,63.87
86.99,36.37,79.31
45.72,37.78,46.41
40.02,35.82,74.88
50.43,79.03,84.25
31.62,60.71,45.02
53.86,42.01,44.63
42.70,31.34,51.86
14.17,45.22,49.25
48.83,29.42,-3.20
43.65,69.46,30.98
17.35,89.94,55.61
48.66,71.06,55.87
79.79,56.63,55.13
60.43,46.69,43.97
62.24,41.90,9.33
23.17,84.91,52.46
59.54,38.48,54.27
52.97,81.22,31.85
60.58,27.37,57.05
58.45,44.08,55.13
22.80,15.72,39.18
49.17,53.18,47.53
34.84,24.73,66.74
49.00,83.30,55.86
32.05,58.25,31.37
76.25,60.75,81.34
32.82,55.65,73.23
32.02,28.15,33.66
51.49,52.48,35.64
28.46,86.74,37.33
41.51,50.17,61.71
33.40,29.66,63.56
78.22,12.95,61.78
65.72,35.73,64.25
48.85,14.76,24.30
42.18,66.61,38.78
68.82,65.62,11.77
58.10,32.49,66.76
59.96,62.28,70.31
49.48,38.47,71.91
16.24,49.09,42.00
47.75,57.44,56.69
39.35,41.12,57.73
62.90,58.36,80.33
70.24,16.29,11.75
36.84,52.35,64.85
59.37,49.30,43.24
84.72,9.07,42.98
36.65,13.81,62.61
83.64,12.81,58.62
32.95,58.29,33.01
50.46,52.48,60.44
49.78,55.48,58.09
50.23,23.47,83.01
33.25,72.78,54.98
38.18,69.66,65.68
36.65,34.66,20.35
56.54,73.52,40.91
56.60,44.98,30.55
94.52,14.48,48.98
77.42,17.35,84.15
39.80,64.67,15.49
56.50,47.92,43.82
69.94,67.62,49.09
50.61,48.23,39.88
48.61,55.35,77.74
51.03,92.47,72.42
67.35,77.94,70.25
33.03,41.34,43.93
43.49,57.50,47.89
59.41,59.89,60.48
56.23,65.23,52.86
54.79,51.42,33.63
42.60,40.13,64.92
69.45,49.93,7.79
92.68,40.39,71.46
58.13,83.67,84.63
46.14,74.81,57.19
65.11,45.93,67.53
39.22,58.57,49.44
35.01,46.69,29.25
50.66,73.86,76.99
-1.66,70.98,32.40
26.92,61.37,94.30
43.04,67.43,42.93
22.93,63.21,51.27
29.35,73.48,50.13
41.27,60.62,58.20
17.14,53.04,38.45
41.88,38.46,43.44
39.29,18.56,74.25
50.51,49.44,21.37
73.08,35.18,36.35
53.45,51.20,32.27
50.42,72.81,47.87
51.99,53.46,51.35
54.55,41.70,45.85
29.67,32.94,55.82
47.70,21.40,69.07
56.18,76.66,65.96
22.58,14.47,46.60
67.31,31.30,54.57
71.63,3.74,32.60
37.37,43.68,76.44
45.17,43.15,53.63
32.44,41.91,1.21
63.99,48.74,43.05
28.78,33.57,31.86
45.55,31.73,69.76
32.82,86.36,38.11
51.02,43.32,36.45
14.12,68.15,39.89
76.53,33.26,14.88
30.71,82.25,20.73
51.20,80.28,60.65
45.75,54.62,34.00
34.76,28.01,73.37
32.24,51.74,29.10
68.73,50.95,51.27
39.49,54.79,43.29
55.42,30.44,27.05
33.97,19.54,52.86
37.06,53.25,37.03
59.44,49.79,50.14
68.61,50.04,58.72
46.49,70.54,32.24
21.56,20.50,99.31
89.96,70.21,38.27
32.87,35.14,65.75
19.17,42.10,48.46
101.89,33.48,51.81
41.92,51.79,53.48
20.77,11.88,35.70
36.33,38.64,49.13
57.35,39.68,50.48
53.81,75.28,53.35
32.97,53.01,42.36
86.45,63.91,49.35
39.57,50.12,24.37
26.31,29.02,44.21
69.21,68.14,38.11
76.58,33.09,50.86
33.65,39.48,57.50
21.97,53.64,50.24
70.61,68.91,85.27
9.05,45.97,22.98
25.47,80.21,73.76
69.35,38.57,59.83
48.89,63.31,50.02
44.72,50.07,12.17
57.06,80.93,59.07
46.94,54.29,42.55
24.03,12.45,54.63
75.52,71.77,21.73
76.50,48.37,38.32
54.11,38.94,47.87
50.90,74.46,77.52
96.79,43.37,41.50
44.47,62.00,11.85
44.81,34.63,55.65
57.29,33.28,79.91
79.43,86.21,44.05
81.86,34.26,35.08
44.83,38.30,56.45
56.17,15.83,21.83
22.44,82.60,52.92
43.76,57.96,46.90
33.19,54.76,44.84
29.86,69.50,45.84
83.63,23.41,36.51
34.15,39.18,39.68
39.37,48.17,35.14
57.32,19.03,55.32
75.96,76.23,51.39
59.62,49.63,40.28
105.19,43.53,60.49
48.51,54.72,59.46
55.17,34.95,85.25
55.51,50.90,67.98
78.70,118.55,49.63
60.14,62.09,28.99
47.68,83.37,55.10
31.05,42.90,26.26
54.89,34.97,63.19
78.03,56.19,43.73
41.79,23.17,74.35
60.58,3.86,28.25
54.92,64.63,48.97
67.27,62.83,54.12
33.90,66.68,37.47
96.93,50.56,77.84
24.42,89.57,106.52
42.69,48.25,70.67
68.76,38.92,33.83
55.93,-10.13,28.20
66.60,49.06,43.79
40.08,66.64,46.73
48.50,50.14,40.79
50.24,72.48,23.32
81.39,95.90,60.31
63.81,46.53,40.20
65.93,74.63,56.07
36.84,18.28,99.06
69.38,70.63,12.53
54.51,51.27,48.64
77.78,45.57,51.14
90.28,46.73,50.09
43.86,46.87,48.69
41.87,43.82,54.68
32.72,53.97,27.22
47.13,46.51,49.79
42.36,26.88,39.58
57.19,58.34,28.22
47.11,37.84,43.08
42.77,70.96,13.09
71.29,49.32,-1.98
31.24,52.54,53.96
58.66,9.02,40.32
41.88,24.87,54.14
64.49,68.79,65.10
77.71,35.32,77.19
43.94,39.35,63.92
58.82,44.44,63.64
53.58,77.27,49.78
34.01,57.48,76.90
54.82,76.21,33.37
55.78,44.65,41.84
58.26,54.26,23.38
46.03,25.94,57.05
51.88,73.56,39.24
27.05,52.17,57.87
42.84,50.88,55.73
61.12,56.77,90.85
67.85,78.94,31.61
41.55,45.71,52.29
52.09,83.26,47.25
54.56,32.97,77.31
54.03,58.44,44.77
60.82,90.18,24.28
13.64,40.20,16.91
49.01,54.91,50.74
54.78,67.55,75.41
29.99,47.24,47.13
83.48,19.99,65.91
53.23,28.88,48.56
81.27,61.62,35.15
34.19,67.83,74.51
31.85,65.69,5.89
54.49,72.93,39.39
16.43,51.44,53.36
54.30,54.16,30.62
51.94,19.62,56.19
70.31,56.35,68.80
64.02,62.25,46.73
41.65,38.34,43.58
28.05,62.88,41.93
84.25,13.68,36.72
34.16,65.02,47.67
29.09,56.01,41.67
28.30,92.21,45.79
72.35,78.26,102.24
39.62,80.14,33.66
34.93,66.35,54.59
52.75,62.93,52.71
45.86,26.37,90.31
36.44,43.30,30.33
65.08,86.53,49.20
71.31,20.88,35.80
69.71,40.99,55.04
65.34,21.62,70.20
58.05,79.02,35.06
14.48,38.68,45.46
83.39,80.89,66.85
56.04,41.72,49.94
62.16,39.92,51.15
72.30,75.57,34.18
78.67,68.78,80.23
58.37,-4.33,41.42
58.71,59.02,44.37
38.02,62.00,44.03
50.66,54.20,69.43
32.92,36.85,73.32
35.60,50.57,46.31
32.13,42.04,50.13
46.88,54.23,60.13
70.98,45.95,53.92
113.42,37.56,65.70
53.79,53.28,71.99
23.03,66.05,37.24
75.30,55.78,45.48
43.98,38.93,48.96
36.79,56.73,40.18
54.20,71.40,5.08
25.19,81.91,34.03
54.45,74.15,33.81
48.23,60.75,54.81
51.97,29.82,58.75
57.63,22.69,56.04
51.35,45.95,55.54
50.33,21.82,31.75
55.69,34.30,20.73
58.31,46.60,66.02
29.37,40.32,20.45
21.40,43.44,89.21
48.77,23.44,55.84
21.35,54.63,52.30
51.75,69.93,57.79
68.77,39.04,40.76
62.14,64.52,64.44
29.04,103.25,47.33
32.79,48.16,33.24
56.57,63.02,58.88
41.97,53.94,104.47
43.67,69.39,27.68
61.94,15.63,45.44
30.25,28.86,76.63
41.98,52.87,40.16
34.00,67.74,77.18
29.14,52.61,71.70
32.86,16.71,50.31
63.55,33.53,46.53
51.04,34.11,68.81
32.42,57.78,34.45
45.38,34.76,65.22
17.22,36.38,78.04
35.33,71.69,74.63
92.99,76.71,70.02
48.20,41.73,30.44
64.63,58.50,63.56
48.69,12.37,48.61
56.96,53.97,28.85
63.27,73.80,47.20
27.91,60.54,21.33
49.38,52.02,46.42
81.58,42.23,47.54
34.09,37.06,60.76
38.67,46.42,71.31
43.85,18.97,21.97
55.38,82.21,23.45
60.50,61.28,9.07
75.35,47.95,66.77
59.99,37.60,36.26
48.76,48.59,38.76
75.18,65.96,49.11
64.08,70.23,49.91
20.09,31.93,63.68
100.53,30.53,6.79
85.40,91.56,46.05
46.64,72.73,25.35
57.56,64.17,83.84
76.49,47.23,60.63
46.56,68.48,57.04
64.61,24.54,93.44
72.09,80.64,47.08
29.70,49.28,67.92
37.95,65.82,20.78
68.43,62.92,54.03
59.22,47.37,95.49
68.48,46.49,59.96
47.35,74.43,34.96
44.22,70.53,30.49
10.03,14.56,18.52
27.08,16.15,58.87
50.94,31.08,67.22
66.49,32.13,52.54
60.62,27.63,33.77
47.44,55.44,54.84
44.56,40.73,36.27
54.34,74.12,74.41
51.56,79.06,41.78
78.09,49.43,32.34
52.93,83.67,39.09
20.38,50.48,57.74
24.55,41.30,25.39
80.38,51.30,63.34
26.58,68.90,44.57
65.29,17.71,51.64
44.63,45.83,47.40
46.60,55.95,95.28
47.32,57.26,46.61
74.43,42.63,66.90
46.14,59.78,99.06
49.33,55.84,58.52
19.38,38.16,86.95
54.13,93.63,51.95
60.62,58.79,65.93
54.78,43.38,38.23
77.96,38.57,27.76
51.10,70.59,30.62
55.98,52.04,49.52
82.97,100.96,55.71
19.00,41.28,27.66
40.88,25.15,22.43
78.52,49.45,12.47
68.72,53.50,92.53
63.57,7.63,52.15
66.65,43.82,7.09
56.54,42.63,49.82
82.63,42.62,46.81
57.56,37.40,22.46
54.80,23.14,73.19
53.18,65.16,40.85
53.86,38.32,50.83
26.86,29.53,44.31
65.41,34.80,50.93
47.39,40.55,70.35
86.44,52.17,62.11
48.49,63.37,40.96
58.42,30.94,81.51
54.93,40.41,80.80
37.49,23.09,20.74
69.84,-17.85,27.71
88.10,53.12,37.78
49.70,80.40,80.50
43.99,60.44,46.35
42.90,39.86,38.56
12.15,51.93,49.32
46.44,26.50,45.52
55.02,47.55,46.88
71.10,41.45,28.61
69.20,32.95,34.14
41.67,58.11,44.66
44.46,102.00,77.63
72.48,83.31,75.78
46.53,48.56,68.31
39.80,67.68,57.27
77.85,67.25,-2.24
70.75,37.05,85.61
50.38,62.88,72.36
38.12,21.18,42.61
9.76,33.89,37.03
61.79,54.78,53.72
32.07,41.70,50.89
10.75,85.13,36.15
81.70,62.96,79.88
62.96,42.36,36.90
27.22,40.59,55.00
25.71,53.74,25.91
67.42,28.89,44.89
32.44,61.91,71.65
75.92,22.49,50.85
62.33,62.46,38.26
60.73,46.71,11.04
58.09,58.29,43.18
53.83,29.75,42.91
67.61,54.90,64.67
40.92,98.25,76.44
51.72,40.86,25.63
65.04,56.35,66.03
61.26,80.11,30.63
26.10,65.23,72.99
39.99,58.64,41.26
55.06,29.73,61.15
41.84,24.45,80.98
85.49,51.07,15.93
42.14,40.74,52.94
46.76,49.62,81.55
65.39,54.11,65.58
56.61,36.47,93.32
47.09,59.88,40.08
34.87,87.17,71.70
56.03,29.81,64.37
70.78,40.61,51.01
59.58,49.01,29.75
34.44,72.81,54.47
84.74,26.27,88.68
21.07,28.70,75.00
18.35,6.73,59.77
69.21,41.19,40.12
54.52,63.60,21.85
39.01,71.30,46.02
28.03,57.14,31.82
96.42,37.98,42.88
52.34,64.13,72.05
60.68,54.09,74.50
56.36,11.59,71.74
58.70,25.44,60.88
60.80,80.24,39.40
64.65,56.44,58.78
42.50,22.50,15.47
44.17,66.40,72.08
15.18,71.23,28.01
34.39,41.30,76.68
55.42,63.15,37.33
70.90,-24.80,94.66
61.98,69.47,44.72
43.19,73.50,47.69
24.74,27.51,65.25
-5.55,55.64,23.16
73.03,43.24,54.37
38.22,47.95,29.89
41.03,41.50,63.54
52.63,23.35,60.00
21.89,87.81,54.49
43.00,43.79,74.72
90.47,52.10,52.87
60.11,29.81,6.10
57.18,29.26,34.94
18.35,58.25,30.81
94.87,60.53,63.27
21.54,67.56,45.95
88.45,72.08,37.14
7.70,45.80,33.73
78.11,41.12,43.17
82.36,64.94,58.44
33.51,37.25,67.79
58.45,67.44,50.75
60.95,57.49,41.14
33.72,73.10,50.79
21.02,63.41,25.78
23.65,28.91,40.84
60.82,32.69,78.57
48.30,64.65,71.44
38.71,88.14,94.73
69.34,23.54,35.34
60.16,50.46,102.00
34.89,55.63,39.86
25.98,19.48,36.94
60.47,59.56,55.94
39.25,48.14,59.83
51.98,8.07,53.88
81.53,82.43,48.45
60.05,32.74,91.24
32.75,24.35,26.04
53.21,58.40,28.07
30.95,61.15,54.26
82.17,64.73,48.05
38.77,42.28,51.02
54.15,49.78,96.36
56.15,35.38,83.43
53.19,23.80,62.87
10.83,71.58,34.68
21.07,47.94,55.10
40.95,46.35,15.16
56.39,10.01,33.02
47.24,46.43,64.99
30.86,33.15,31.21
23.03,46.51,37.72
41.97,45.62,54.48
40.63,41.07,-8.75
60.26,68.78,54.25
43.47,58.94,56.27
62.05,72.54,61.36
38.11,23.50,83.65
44.88,37.02,39.67
43.04,49.19,45.88
34.35,41.87,34.28
62.50,48.41,37.58
33.73,26.36,35.55
39.57,35.68,35.61
48.54,17.17,10.78
24.05,32.20,27.17
43.50,63.88,65.92
35.77,45.72,43.20
42.24,80.12,40.16
48.80,38.09,41.30
34.00,52.38,56.28
45.60,25.73,23.46
76.17,102.01,68.21
49.48,46.43,8.41
72.91,66.59,70.36
56.93,58.27,58.53
65.48,38.32,8.82
34.51,23.38,51.73
52.10,53.12,58.00
52.68,38.86,26.12
37.75,46.89,48.69
33.54,63.03,19.67
20.19,51.56,67.36
79.92,57.54,64.08
30.55,53.00,49.72
76.92,20.66,-1.03
40.65,77.92,48.82
32.75,73.52,46.43
62.45,27.28,36.56
37.38,60.11,20.85
61.37,36.76,33.17
43.34,35.06,40.15
59.61,49.90,47.89
30.64,84.95,63.17
66.63,71.16,62.56
59.76,62.10,54.05
31.61,26.99,29.43
102.86,101.09,54.00
60.80,67.47,63.14
95.81,3.02,63.81
82.01,57.99,69.18
46.22,40.23,3.56
41.75,58.20,21.14
41.93,58.01,42.14
13.40,31.63,65.68
36.08,86.52,66.86
54.94,54.00,37.45
80.52,68.83,91.60
34.54,77.03,12.75
67.64,35.24,43.50
24.95,31.76,63.84
38.27,72.44,40.71
40.85,77.86,31.22
57.44,22.46,74.25
59.15,90.22,47.39
69.25,45.29,54.25
65.42,63.84,74.03
54.86,61.29,34.01
57.81,30.57,54.06
81.77,32.72,41.69
39.78,8.33,26.03
65.49,26.98,71.36
13.84,20.35,60.78
58.23,50.80,55.69
40.34,77.39,51.65
50.05,49.46,78.12
70.80,56.78,-1.61
53.29,65.56,44.24
67.70,63.59,20.92
79.48,42.28,54.85
57.78,20.73,74.48
73.42,41.40,32.98
43.47,51.26,80.53
49.84,32.57,57.39
39.55,57.24,65.63
70.86,44.15,66.15
58.28,62.44,57.90
39.86,33.94,31.27
53.09,31.56,35.51
70.83,85.48,49.34
49.21,50.58,40.57
31.02,61.06,61.28
52.64,28.03,4.64
10.39,42.45,56.85
65.38,63.64,48.04
41.57,81.31,45.20
40.61,35.51,48.07
67.51,33.94,6.11
22.70,49.55,63.89
88.94,19.51,50.58
40.40,49.40,99.06
39.53,48.71,64.38
70.42,64.49,54.27
64.17,78.29,28.25
99.02,61.40,32.25
45.78,64.83,31.19
47.59,51.05,88.44
20.41,42.81,33.47
43.36,10.08,19.55
35.57,32.28,68.44
41.02,54.35,67.46
15.12,17.09,47.99
83.21,54.86,68.81
21.67,41.98,55.50
-6.04,29.57,24.53
26.23,40.60,92.14
37.92,64.58,5.70
27.01,67.71,43.15
71.97,11.26,79.34
47.24,47.01,89.41
50.51,68.28,31.50
62.21,44.84,49.88
55.72,52.18,30.23
69.57,20.09,79.78
27.81,40.40,55.61
39.05,86.58,43.02
63.32,34.24,61.09
-0.69,21.19,19.16
22.50,52.99,24.85
60.02,65.77,55.43
40.40,73.88,75.80
68.72,39.65,45.07
66.18,54.45,56.85
26.04,60.89,29.39
58.13,62.98,85.30
74.03,39.06,66.95
52.95,84.25,76.69
30.45,36.25,83.49
67.59,64.16,45.26
62.71,49.56,42.89
60.85,38.26,9.35
64.32,37.14,41.14
-9.89,38.27,63.43
67.62,41.06,71.69
86.16,29.62,55.53
58.73,63.95,47.69
53.85,35.93,69.77
63.93,37.70,58.23
56.76,59.77,37.46
63.04,47.84,47.08
50.03,21.56,55.46
34.67,31.28,28.02
29.91,46.07,-5.15
30.04,38.50,65.12
22.54,65.01,30.34
28.65,34.71,68.22
85.23,30.66,63.21
65.08,29.79,47.42
37.50,58.13,86.56
42.19,59.67,63.52
52.25,16.55,42.96
36.89,62.44,82.43
51.35,67.22,28.23
65.55,16.18,-0.54
49.29,36.19,42.86
56.72,78.58,68.96
67.73,70.12,58.74
44.56,50.50,44.57
55.70,60.02,63.99
43.81,92.24,34.44
49.43,60.06,26.27
43.51,25.58,38.83
39.42,77.30,35.28
53.47,32.58,29.50
61.33,69.88,46.72
52.93,63.13,75.02
59.97,67.79,43.65
35.24,80.82,31.58
25.93,20.68,39.24
58.34,48.61,45.51
63.76,88.92,61.15
51.00,69.53,65.58
76.96,53.54,85.33
68.15,29.54,38.70
103.61,52.13,60.15
45.98,31.76,46.24
30.02,20.63,29.94
35.20,61.53,50.04
38.69,51.31,5.82
59.52,34.53,42.16
6.84,57.90,48.21
76.37,39.92,44.46
45.21,85.59,35.23
45.06,49.39,59.56
28.41,81.54,39.46
47.72,33.74,32.87
50.26,62.27,49.77
47.56,86.87,43.18
56.78,55.42,68.44
38.21,72.73,59.10
32.08,15.23,72.21
60.97,64.14,32.92
51.97,50.61,39.32
53.94,65.30,46.83
71.18,67.35,57.57
29.55,4.87,82.45
32.90,41.13,1.89
75.14,36.60,30.67
20.34,53.04,64.12
23.81,11.19,54.34
66.36,28.19,12.92
54.76,70.04,23.76
52.10,53.54,26.69
48.17,28.24,39.25
50.63,44.94,40.10
48.16,71.97,62.21
77.11,13.21,79.30
42.04,45.77,55.67
46.77,45.41,50.07
85.89,53.74,40.80
50.55,60.08,35.85
94.64,88.21,46.76
47.90,61.08,42.58
77.35,38.25,74.38
16.89,75.16,79.61
53.07,32.83,28.26
18.31,58.72,8.70
66.89,81.43,31.75
25.74,71.55,10.21
55.68,66.22,67.90
44.36,5.37,66.22
26.84,47.98,65.93
17.61,38.25,65.25
39.78,76.50,63.40
84.81,66.81,76.20
44.13,55.22,53.56
68.34,65.89,57.96
48.86,37.01,45.55
67.53,62.69,64.84
13.46,51.90,1.88
41.94,16.34,64.85
68.99,56.88,65.48
46.73,64.14,86.14
48.27,73.87,22.31
41.39,60.55,53.76
72.99,70.13,46.18
55.95,15.35,19.65
50.88,42.53,74.89
62.86,47.15,58.85
61.76,43.41,64.97
54.25,48.22,13.28
80.94,38.45,28.08
48.79,64.72,39.60
55.56,30.18,40.45
37.14,52.50,7.57
53.00,51.46,34.17
81.76,52.88,46.62
37.13,31.05,42.20
27.33,77.98,55.79
69.94,45.48,42.98
47.02,21.22,23.02
51.92,66.03,48.14
49.10,49.93,57.39
51.58,48.06,42.14
67.01,48.08,53.03
33.22,57.91,108.90
29.76,48.94,82.58
51.70,34.53,43.07
17.87,21.62,29.62
22.54,56.07,52.69
87.33,19.64,47.19
65.15,72.39,44.78
49.80,30.92,66.34
74.76,33.01,51.48
29.19,30.36,61.96
43.69,22.74,52.99
62.47,34.55,104.40
67.81,44.33,17.72
60.26,3.45,80.46
-0.82,1.10,2.30
30.64,35.68,68.33
59.54,67.67,28.31
42.88,23.99,53.67
100.80,48.47,86.98
68.53,78.61,57.98
61.16,23.53,67.84
27.66,41.23,74.63
49.29,35.14,49.53
54.82,67.84,35.04
72.56,59.28,52.98
67.62,62.35,58.76
70.66,99.93,57.67
31.52,82.59,80.98
78.24,48.02,35.47
22.39,45.96,69.50
39.28,21.02,24.30
58.62,15.72,92.08
47.00,49.01,54.55
29.88,24.01,27.42
33.57,62.51,44.37
19.03,34.17,35.21
60.64,38.34,-1.69
75.21,18.95,26.47
47.99,92.20,69.42
41.99,65.18,25.20
20.55,35.80,63.57
68.26,53.02,65.61
94.23,76.46,68.62
14.05,31.44,54.62
28.73,88.13,30.96
36.41,29.36,28.86
38.71,46.45,50.20
54.55,16.99,75.82
82.28,-0.77,66.87
70.17,70.20,29.37
60.55,51.71,22.37
35.52,15.32,48.86
27.61,17.19,58.20
34.06,72.91,64.46
80.96,46.99,46.76
48.77,78.63,47.74
41.06,62.73,22.79
46.32,48.67,83.92
66.49,50.65,47.96
23.74,38.90,71.71
78.30,51.96,46.14
53.13,48.78,60.26
45.67,66.75,54.05
58.86,46.73,65.64
54.37,66.47,38.09
43.12,68.41,53.88
44.95,53.62,45.08
32.62,23.74,44.09
63.13,46.79,72.05
39.36,11.88,58.84
30.87,25.87,26.43
53.32,64.61,47.32
76.58,59.90,42.48
49.03,49.94,52.33
37.84,43.95,27.26
58.08,35.21,69.45
88.73,39.74,53.40
20.96,69.31,27.00
57.64,59.53,38.84
54.10,22.58,98.65
73.23,53.98,90.60
69.82,52.80,56.34
46.27,82.97,70.84
16.31,14.85,77.94
66.13,34.34,22.28
33.30,69.47,63.51
31.07,27.78,45.82
72.97,97.71,50.83
31.78,26.42,42.70
78.06,50.58,22.35
56.72,61.19,50.65
56.38,67.62,15.40
56.15,64.30,37.76
17.23,40.76,73.32
14.47,68.26,65.70
54.31,34.91,39.33
61.36,39.30,77.40
51.65,59.13,37.87
33.57,80.19,31.83
50.38,45.44,95.70
48.36,32.19,63.77
30.86,74.20,63.25
70.28,24.70,67.78
15.39,86.76,60.89
61.77,30.32,35.47
57.69,62.82,36.26
70.19,68.53,56.72
29.89,65.70,59.77
52.03,54.54,68.43
93.42,50.99,47.81
63.24,16.94,86.96
52.01,34.38,23.50
60.78,64.49,88.60
51.72,63.27,78.07
93.82,29.24,56.54
69.67,56.94,56.14
48.29,55.04,45.10
55.05,85.02,33.66
42.18,41.63,41.01
74.20,39.60,58.13
21.88,31.53,94.81
17.91,30.01,67.71
79.17,57.50,21.20
93.06,35.91,30.05
59.37,71.49,68.81
52.25,37.45,50.55
63.15,80.68,29.41
37.06,58.35,30.82
53.42,55.17,26.18
50.78,26.99,85.11
62.53,56.58,49.08
18.84,50.91,49.69
39.86,62.64,43.15
66.90,39.78,37.95
36.49,20.93,19.85
30.13,55.50,56.34
90.84,52.80,75.98
50.76,54.88,43.12
38.42,70.11,57.20
16.15,31.21,72.95
64.59,2.36,66.55
63.98,59.50,34.10
44.02,58.12,43.57
27.96,40.46,53.00
49.51,53.41,83.83
33.28,29.04,74.89
31.16,7.88,47.77
47.94,16.14,12.27
28.97,50.85,48.69
54.93,77.65,33.03
62.16,42.21,68.32
33.21,66.28,32.38
22.64,38.11,36.47
81.23,48.89,51.44
31.19,65.93,48.11
36.80,52.66,32.38
54.26,39.17,80.28
61.99,32.69,28.69
44.87,48.15,-11.38
59.22,73.64,15.53
41.98,18.59,54.29
30.58,67.19,48.48
78.53,55.67,16.95
99.77,30.62,12.82
83.92,49.63,50.13
52.84,45.92,78.87
86.67,31.05,58.78
57.11,39.21,33.41
40.45,24.87,58.91
59.33,8.57,33.40
48.11,53.02,4.31
30.34,70.89,56.13
32.03,82.67,54.77
66.04,27.77,68.63
13.07,92.95,64.77
62.08,80.53,49.45
17.41,78.47,65.30
7.58,34.29,33.37
13.22,38.75,21.78
89.34,11.23,14.03
46.08,53.82,36.04
51.73,42.13,62.14
78.39,53.24,67.00
68.68,33.31,32.98
22.17,63.46,58.77
67.38,56.86,62.50
53.68,27.12,67.48
43.17,49.08,57.61
50.49,55.69,30.73
75.60,90.17,47.89
32.28,51.92,28.99
58.02,31.19,25.65
49.81,43.67,79.42
14.06,49.38,63.34
33.95,47.33,50.51
53.86,13.17,31.58
75.95,43.37,39.25
70.03,36.13,49.26
61.94,44.79,68.03
33.69,92.42,62.49
86.02,33.35,49.90
54.30,78.76,66.77
29.87,73.21,36.87
46.34,63.67,86.57
67.92,50.06,61.58
50.15,63.09,3.64
67.74,41.00,38.28
72.07,39.07,43.19
58.01,35.04,84.42
32.85,55.48,49.19
52.71,45.80,49.99
50.90,45.21,69.67
87.19,78.40,73.41
17.47,35.91,8.90
47.30,64.71,61.98
38.32,39.56,23.88
56.70,18.16,47.93
1.25,21.48,43.37
72.30,40.17,68.08
50.27,62.59,109.13
13.11,62.84,18.30
42.78,45.19,59.94
62.18,62.37,75.31
18.17,51.53,46.36
50.06,44.77,37.24
28.85,67.09,85.28
38.88,73.76,42.93
50.53,70.32,42.19
53.67,43.86,51.64
40.59,61.35,40.08
55.46,7.42,62.80
66.36,53.90,26.93
44.42,57.22,35.59
78.63,53.04,41.95
79.24,45.55,64.85
41.43,76.10,63.39
37.24,48.14,78.70
16.72,47.21,43.87
47.47,45.18,57.36
42.73,70.68,75.36
65.58,44.15,51.31
19.81,33.31,66.69
44.45,47.82,27.69
69.37,84.15,66.95
35.39,43.99,54.77
34.75,62.32,40.73
21.06,44.44,27.08
102.41,44.47,49.62
35.05,38.78,60.77
23.99,25.67,55.10
33.92,47.80,48.17
34.51,64.37,71.37
44.61,81.52,71.70
66.51,58.84,33.21
44.03,33.66,46.38
31.54,64.91,42.15
20.97,59.08,52.90
50.44,77.97,48.83
50.85,91.79,63.73
80.62,74.29,29.16
51.85,42.14,55.93
48.02,46.82,109.02
28.99,73.16,11.50
43.88,39.85,47.13
41.23,47.19,26.27
42.60,62.69,53.73
30.81,71.41,69.19
60.77,54.46,56.35
47.15,-7.85,79.07
45.99,56.79,61.34
15.72,43.76,76.19
59.87,30.48,52.67
59.74,50.48,30.67
33.22,72.41,57.20
69.80,27.40,53.21
22.70,81.80,54.14
49.56,69.57,66.99
44.58,68.68,35.58
23.66,33.71,52.38
53.79,44.98,34.91
84.05,42.34,67.49
51.35,50.01,36.64
40.74,48.76,56.77
58.94,43.65,26.22
52.11,46.44,49.59
50.56,45.77,57.20
41.49,55.35,71.65
78.44,16.96,58.78
59.13,59.73,63.35
39.43,83.95,46.14
47.84,71.45,49.10
35.18,31.08,40.85
37.83,70.89,55.37
37.19,95.79,60.83
27.31,45.15,61.21
65.55,64.42,59.27
44.18,95.99,75.96
61.08,70.61,45.38
36.60,81.01,84.24
48.79,28.10,54.97
35.78,54.71,35.23
64.39,57.84,56.61
45.03,61.29,48.84
35.38,65.79,49.39
17.17,53.12,68.83
55.51,23.75,38.03
35.83,71.33,30.39
49.68,57.58,54.14
40.17,26.43,36.90
69.08,65.18,52.64
60.88,61.06,65.80
58.94,60.74,22.62
37.68,44.26,68.76
59.33,82.69,59.69
84.30,61.42,54.87
33.36,34.20,21.39
53.45,19.14,28.65
17.02,34.65,34.86
77.97,2.61,40.50
42.04,44.79,51.62
65.65,52.58,75.91
15.54,25.85,60.60
85.95,39.09,41.51
42.86,81.07,37.99
60.91,52.15,77.54
53.02,80.71,58.28
44.89,46.30,70.56
83.72,46.46,33.50
17.04,6.01,55.14
55.97,64.59,35.81
68.21,72.01,46.96
49.40,43.15,37.54
47.64,43.79,47.20
47.15,66.26,46.11
25.45,35.27,22.64
50.76,34.35,26.72
60.25,56.34,58.62
51.37,37.87,52.68
44.55,62.22,33.77
40.21,31.59,39.43
44.41,80.19,59.26
75.15,63.13,76.26
8.27,51.32,66.66
50.80,32.53,45.96
43.44,28.84,51.87
79.12,32.06,29.80
51.11,21.36,58.34
79.70,76.81,58.66
7.52,56.84,46.00
59.19,71.41,40.36
55.60,84.78,51.05
77.81,76.13,61.81
17.17,58.99,58.39
46.90,41.78,78.76
51.32,64.99,45.82
40.08,54.22,52.81
74.33,44.79,66.91
43.23,39.70,46.85
90.70,71.58,65.83
71.08,79.55,61.21
69.02,44.50,62.45
61.19,41.26,37.01
28.73,63.96,82.12
41.38,37.30,20.87
61.46,62.07,46.82
63.55,84.74,68.91
76.14,41.64,26.98
40.65,50.49,73.72
32.80,89.79,31.54
67.18,42.54,20.26
33.81,52.82,75.77
67.47,31.16,39.92
73.99,35.94,31.41
59.12,22.42,78.23
42.85,108.50,23.90
50.82,61.44,39.48
61.87,49.08,52.95
50.20,28.86,37.22
93.97,13.51,40.91
30.19,54.83,82.01
29.95,47.10,87.96
30.46,60.04,75.90
38.21,63.85,36.46
6.42,70.25,49.31
37.41,49.16,50.85
36.93,62.44,51.19
51.57,41.85,52.25
58.36,32.97,53.44
25.20,43.24,54.65
68.00,65.38,70.14
86.04,62.13,73.24
45.83,49.75,91.48
81.49,56.45,18.97
53.98,82.15,61.59
89.77,13.95,19.40
72.35,24.90,31.17
18.72,49.74,80.96
50.37,64.01,46.82
71.09,45.69,39.72
50.61,68.06,46.78
49.26,-10.15,61.77
75.40,3.39,65.00
35.80,38.64,28.36
50.35,103.35,55.74
56.47,50.00,33.15
43.32,5.17,41.07
49.60,42.80,35.67
65.50,62.35,80.30
58.66,69.24,42.74
33.83,59.41,24.10
27.92,45.28,54.47
34.22,63.58,64.05
50.02,73.07,76.00
46.80,38.91,45.63
33.36,47.53,42.88
38.04,47.28,68.65
19.60,15.89,26.54
58.36,24.86,67.40
49.20,3.63,57.03
24.80,51.69,60.69
50.57,44.05,61.69
76.85,43.22,31.91
35.20,49.31,54.09
76.30,60.39,27.41
43.53,36.55,71.45
53.96,73.47,38.35
51.96,18.16,74.76
78.03,49.73,55.79
53.17,48.03,29.91
27.16,67.00,29.35
23.78,40.10,31.98
19.34,71.37,39.70
15.76,45.32,58.36
50.92,47.96,9.02
30.83,47.02,30.21
48.38,63.96,43.23
35.92,67.06,80.08
34.58,37.91,44.84
40.38,21.82,46.91
64.07,30.38,16.88
68.58,53.30,48.13
57.42,49.67,28.20
30.20,52.82,65.56
62.87,35.50,93.38
63.78,65.91,61.75
55.49,46.47,27.97
37.93,17.33,62.95
64.18,53.11,32.71
58.46,60.95,43.62
-12.34,52.88,52.76
62.89,52.60,74.95
11.73,54.54,52.10
63.27,28.93,61.97
46.92,80.64,51.33
73.87,43.47,62.37
48.04,79.34,47.94
32.27,38.92,74.56
47.05,69.33,21.32
71.20,54.80,34.77
50.52,52.01,27.74
47.71,31.22,36.13
64.87,74.12,30.41
54.21,58.38,59.89
49.88,48.19,36.98
77.32,74.15,49.27
81.10,51.77,39.30
62.27,94.20,34.86
44.28,70.33,52.00
79.94,43.39,23.83
73.66,77.17,28.22
64.38,51.22,16.72
25.68,90.12,35.99
52.81,51.63,48.48
35.13,48.42,73.20
46.82,51.88,33.27
54.80,57.99,81.64
52.00,80.99,47.46
40.50,55.86,58.67
75.46,47.87,53.39
16.08,40.13,61.45
64.60,65.71,86.60
12.85,38.91,78.37
57.65,26.62,30.45
32.26,31.16,41.61
67.57,40.70,58.59
51.73,47.51,28.73
54.95,71.06,57.82
29.63,38.46,48.50
36.91,73.94,30.01
54.14,17.25,56.89
61.67,102.69,69.47
108.58,18.27,31.14
54.46,53.96,82.05
69.52,45.65,54.75
18.86,34.29,47.44
23.40,63.53,57.85
42.89,71.14,-1.86
26.05,46.56,65.51
79.73,74.19,55.30
41.80,51.28,40.86
77.64,28.72,56.74
79.74,48.42,58.10
50.86,39.45,28.78
60.04,59.20,51.87
48.88,42.02,18.15
60.77,48.52,86.28
59.67,28.29,47.93
47.53,71.39,43.90
60.10,42.89,21.91
84.47,28.61,42.68
64.26,102.63,48.05
56.52,21.74,55.50
52.50,60.15,18.82
29.75,6.73,42.62
29.45,56.17,64.93
56.47,53.76,56.56
22.61,44.95,53.00
34.67,22.73,63.43
75.63,32.83,42.04
88.28,33.87,34.00
16.68,26.52,38.92
82.53,31.04,64.27
45.77,78.70,67.81
49.70,57.82,50.09
47.73,76.62,30.29
71.61,30.22,46.43
17.85,41.37,68.48
59.12,15.26,64.29
31.10,26.19,29.57
61.42,44.18,54.65
80.86,41.59,46.90
49.99,85.55,42.00
57.48,52.16,-3.17
58.19,44.70,29.93
34.01,59.19,77.79
80.23,50.54,48.57
84.13,28.29,52.78
64.04,37.46,48.06
51.47,77.98,58.06
40.76,76.08,62.56
37.47,55.14,61.36
84.22,70.39,73.64
78.29,82.86,59.17
48.73,41.17,84.08
18.40,53.69,80.21
-6.64,54.42,50.38
28.33,33.46,25.74
47.39,58.93,26.81
78.01,27.13,30.08
36.97,52.05,53.64
60.10,44.62,24.84
76.06,58.59,49.78
52.57,22.90,74.41
47.15,39.58,62.40
23.82,87.66,45.93
25.95,47.30,48.80
58.32,51.36,27.76
45.98,36.61,57.40
52.45,50.91,54.86
49.05,57.60,20.89
63.28,40.49,54.09
34.31,45.01,54.73
43.29,46.67,45.83
87.92,55.91,33.63
34.00,72.61,44.56
44.37,36.61,39.08
38.21,66.12,24.17
58.90,66.09,74.83
70.45,55.10,79.91
40.04,71.63,45.57
41.37,51.98,60.18
44.42,52.16,19.05
60.60,46.53,35.32
35.21,44.59,48.76
42.48,45.79,31.67
2.56,12.78,84.97
22.37,62.01,62.23
47.75,43.55,52.49
67.96,20.62,14.69
55.90,69.41,33.74
28.02,30.49,45.47
21.99,67.19,45.13
53.49,35.17,30.83
16.94,69.18,42.80
71.32,87.98,46.43
51.28,18.10,12.90
17.85,44.90,59.66
30.68,69.14,45.25
35.51,55.59,45.53
34.54,55.63,34.14
20.20,68.31,49.82
32.51,34.22,47.72
36.31,24.34,26.77
35.77,35.72,61.16
72.56,76.67,26.07
52.10,34.72,75.52
30.13,19.30,39.14
43.31,73.14,34.65
32.41,39.76,9.24
44.00,41.02,33.25
67.51,22.12,86.15
55.05,60.61,63.45
95.71,61.36,41.71
57.52,38.99,50.38
31.73,26.13,62.51
66.19,12.16,44.36
71.60,61.36,67.50
71.88,101.93,39.67
28.12,58.09,28.20
47.05,62.17,52.55
72.64,52.93,47.21
16.31,56.99,18.85
40.01,45.34,58.50
21.46,55.88,46.78
31.35,33.98,76.30
29.75,25.19,34.68
75.01,52.22,47.16
45.31,51.96,27.11
32.73,26.51,60.84
29.29,38.97,48.79
52.83,43.00,50.23
49.78,64.32,41.48
76.88,53.17,32.61
60.00,46.65,56.64
21.36,18.16,45.54
37.42,55.41,53.72
71.40,60.58,51.51
37.58,93.96,59.63
84.69,58.93,51.61
28.03,68.48,46.24
61.45,68.67,23.78
32.78,13.75,48.23
39.81,47.51,80.26
71.97,46.61,61.47
47.46,40.80,39.18
66.27,67.13,52.02
59.47,82.53,69.89
65.08,31.51,50.37
32.24,46.88,55.11
45.57,58.50,35.78
58.49,34.41,72.08
33.02,7.67,65.00
82.59,45.70,36.20
34.46,27.92,37.68
44.00,11.23,32.49
29.87,68.04,77.67
7.13,82.71,20.71
85.94,60.58,24.19
45.91,58.32,27.26
41.04,58.68,13.67
46.03,48.45,8.81
78.40,58.98,18.45
30.70,47.37,46.38
63.59,34.98,102.66
41.52,75.55,32.52
38.07,64.98,59.25
61.34,103.15,61.43
69.76,33.63,38.46
39.72,21.10,42.44
34.62,76.84,46.25
26.62,47.90,53.93
72.07,77.14,57.24
38.49,90.28,14.24
13.02,22.55,72.47
78.20,32.85,94.63
22.60,16.37,44.82
65.59,46.99,58.39
53.67,35.58,57.29
55.76,11.18,40.03
38.31,52.00,67.07
57.31,75.64,63.40
16.64,30.60,79.15
61.76,74.91,53.73
81.14,63.94,110.12
67.68,48.71,51.42
9.61,28.84,45.69
30.32,40.62,50.59
46.24,92.57,48.22
59.74,42.22,52.49
47.87,61.39,51.29
40.14,44.51,45.41
61.91,28.03,29.02
73.28,63.79,53.39
45.35,82.98,40.35
64.58,71.30,44.34
-1.58,82.18,25.05
31.25,52.86,52.57
43.57,49.95,58.96
40.23,60.55,36.05
56.66,45.55,53.31
70.28,40.17,43.27
60.13,18.12,46.69
37.56,70.37,36.50
19.54,50.99,36.79
61.14,17.96,24.29
13.24,13.63,54.41
63.06,85.43,21.00
46.23,71.51,49.33
26.48,57.67,66.39
55.75,20.66,34.45
49.94,44.70,75.94
49.27,29.36,39.40
48.32,42.71,44.25
58.39,45.66,48.27
68.49,35.49,56.68
59.93,22.12,56.01
70.24,64.77,68.76
49.12,54.99,40.66
82.37,60.97,88.97
61.42,72.70,43.83
39.13,72.06,9.45
28.12,83.26,54.60
54.12,68.52,52.98
23.87,59.18,115.85
30.53,41.75,39.95
54.78,24.21,68.74
37.84,61.81,58.45
31.33,44.16,25.71
49.31,89.95,42.73
51.45,39.91,29.67
45.88,55.60,66.32
42.45,55.69,-2.84
67.09,20.54,30.01
56.85,34.70,36.31
45.53,10.27,22.43
99.29,55.49,47.67
53.88,53.73,39.98
72.64,64.88,76.10
38.78,35.50,26.60
22.74,28.81,58.55
34.16,43.56,40.26
44.64,58.27,31.20
40.07,28.34,53.87
76.73,57.64,47.39
47.60,59.81,82.73
59.23,66.41,25.05
49.07,42.85,59.11
41.33,51.74,65.75
50.76,74.57,71.10
84.28,36.00,78.06
34.64,49.24,43.19
65.34,90.12,34.68
29.48,56.08,65.82
40.81,68.87,38.64
50.07,56.01,16.27
56.53,70.14,85.90
79.66,59.69,39.66
49.00,45.61,77.71
33.13,45.19,40.25
63.00,45.43,69.08
42.72,63.16,41.75
54.77,50.49,75.09
47.68,49.67,69.62
11.13,51.61,101.30
60.17,55.49,59.71
61.67,81.26,17.36
68.53,31.47,10.34
86.01,71.57,64.39
26.10,41.48,56.61
60.33,43.30,42.24
58.19,47.03,82.29
41.62,22.91,14.74
57.94,37.30,44.02
59.99,47.28,44.37
25.63,38.06,40.17
54.92,75.94,52.12
31.64,33.52,62.22
36.96,46.65,58.96
14.51,37.92,66.22
40.53,75.03,48.99
45.93,23.14,29.36
61.00,58.31,61.65
50.02,73.94,66.89
19.15,78.15,42.30
67.24,53.54,22.90
47.63,84.57,62.61
59.77,30.97,56.34
69.32,38.97,50.19
78.45,39.22,67.14
89.22,55.15,86.04
48.56,7.72,30.10
56.22,68.97,114.24
28.43,74.63,46.68
71.23,44.24,85.53
26.30,75.16,43.32
13.89,61.48,45.43
66.61,30.46,48.38
39.57,36.18,15.46
65.55,39.85,58.87
58.16,56.58,35.90
17.40,68.81,60.65
-4.39,63.44,59.18
28.07,37.59,62.14
50.33,52.26,27.66
25.56,37.74,41.59
36.94,81.65,41.84
20.82,42.31,68.32
53.40,48.65,50.40
51.82,44.33,30.68
40.37,26.01,49.94
77.94,48.42,27.81
79.95,66.44,73.99
61.31,46.58,31.66
14.00,16.98,43.50
27.91,45.83,36.89
58.14,35.78,70.81
37.43,51.05,33.06
40.26,69.31,49.60
67.98,36.00,70.97
60.22,46.89,77.70
76.28,50.93,55.75
41.42,21.45,57.08
77.50,57.06,59.97
38.92,44.12,45.14
79.99,30.87,47.25
52.12,23.08,60.47
32.79,49.15,24.69
17.38,66.41,59.61
43.97,59.82,110.06
44.88,26.44,46.97
67.15,43.18,35.51
47.79,59.17,50.78
41.35,73.86,47.60
71.54,80.15,66.42
45.50,54.32,29.85
38.48,71.52,36.64
61.49,22.01,50.97
40.20,60.17,53.50
63.18,81.85,54.17
38.06,49.17,11.62
45.54,77.52,69.53
53.04,77.11,87.83
42.52,62.51,58.55
49.73,83.51,23.43
66.31,44.20,47.06
58.21,45.42,22.87
59.62,80.49,42.66
37.29,57.78,53.84
67.06,25.14,77.66
63.39,50.54,28.70
70.09,109.60,44.58
35.47,2.62,105.22
46.55,76.44,62.01
62.67,39.83,76.22
37.82,60.57,69.53
45.48,66.50,47.63
88.52,23.03,41.10
89.04,18.84,28.04
74.80,32.60,41.47
68.77,48.04,44.52
29.61,16.35,47.86
60.25,63.13,71.77
42.82,61.84,-9.63
28.83,55.97,26.91
39.82,54.50,49.30
52.31,23.62,55.30
39.05,43.68,41.93
38.98,50.83,33.18
65.84,65.47,70.62
52.88,52.62,58.07
54.67,83.34,53.29
52.24,62.49,40.02
36.49,51.09,66.54
22.59,59.05,-12.52
56.21,82.30,55.49
39.86,27.46,66.20
9.78,42.80,65.16
42.15,43.01,35.64
28.16,36.58,22.38
63.97,30.87,39.85
60.43,61.96,51.68
59.94,40.86,32.29
36.70,62.22,62.25
64.63,40.79,46.75
56.39,24.76,55.35
41.80,73.96,21.75
40.93,85.97,41.12
67.85,54.49,24.75
40.53,60.46,80.07
56.07,84.74,62.22
70.68,60.17,40.73
88.19,73.30,44.77
83.28,64.26,87.42
68.02,76.40,63.52
19.88,56.22,42.22
36.22,55.98,29.19
39.04,62.17,1.51
83.06,23.01,59.10
36.01,32.53,41.60
57.72,77.22,90.17
52.02,78.41,62.78
31.30,58.61,43.71
57.64,30.96,48.94
57.97,74.06,47.84
24.88,51.60,32.12
74.46,26.59,44.56
8.27,62.39,73.49
38.18,67.85,39.70
69.44,67.52,19.90
26.13,43.81,22.05
57.01,39.61,48.98
24.07,23.86,49.18
48.14,80.39,45.29
3.72,54.26,24.49
33.15,81.33,53.55
19.14,44.82,46.02
41.96,84.23,67.40
41.70,13.58,58.30
36.53,53.27,26.26
65.96,33.74,24.67
32.26,37.89,81.73
62.69,23.45,51.22
82.59,37.12,46.46
52.78,88.18,38.29
32.85,38.73,41.23
25.01,71.65,50.35
35.80,10.96,76.63
64.09,98.82,81.68
53.11,49.65,43.53
68.74,68.25,96.82
65.41,74.79,37.73
52.82,38.53,68.50
59.47,58.50,45.52
87.10,44.57,67.82
78.31,36.33,52.90
43.95,19.25,54.90
69.79,47.97,57.55
61.72,64.93,90.59
72.73,68.58,62.65
63.43,54.59,57.18
30.52,58.29,58.99
